id;genero; modal
1;masculino  ; EAD              
2;masculino  ; Presencial      
3;feminino; EAD         
5;masculino  ; EAD           
        
6;masculino  ;EAD                
7;masculino  ; Presencial    
8;feminino; Presencial           
9;masculino  ; Presencial          
            
               
12;feminino; Presencial     
13;feminino;EAD                 
14;masculino                 ; Presencial

16;masculino    ; EAD              
17;masculino  ; Presencial 
18;feminino; EAD          

               
22;feminino; Presencial               
23;masculino  ; EAD                 
24;feminino; Presencial              
25;feminino; EAD              
26;masculino  ; Presencial             
27;feminino; Presencial                
        
29;masculino  ; Presencial              
30;feminino; Presencial