id;genero;nom_candidato
1;masculino  ;Cláudio Martins                
2;masculino  ;Rodrigo Carvalho               
3;feminino;Luiza Rocha                  
4;masculino  ;Alexandre Cunha                  
5;feminino;Maritza Costa                  
6;masculino  ;Adriano Cardoso                
7;masculino  ;Flávio Almeida                
8;feminino;Cristiane Oliveira               
9;masculino  ;Henrique Castro                 
10;masculino  ;Fernando Fernandes              
11;feminino;Rafaela Melo                   
12;feminino;Patrícia Martins                
13;feminino;Maria Castro                 
14;masculino  ;José Ribeiro                
15;feminino;Mariana Souza                  
16;masculino  ;Tarsilo Azevedo                
17;masculino  ;Paulo Fernandes              
18;feminino;Ingrid Oliveira               
19;feminino;Viviana Barros                 
20;masculino  ;Rodrigo Rodrigues              
21;masculino  ;Alex Cardoso                
22;feminino;Luciana Costa                  
23;masculino  ;Guilherme Melo                  
24;feminino;Graziela Rocha                  
25;feminino;Neusa Sousa                  
26;masculino  ;Theles Azevedo                
27;feminino;Fabiana Dias                   
28;masculino  ;Alfredo Almeida                
29;masculino  ;Pedro Correia                
30;feminino;Eliza Almeida